Team Names	Points per Game	Average Scoring Margin	Yards per Point	Yards per Point Margin	Points per Play	Points per Play Margin	Touchdowns per Game	Red Zone Scoring Attempts per Game	Red Zone Scores per Game (TDs only)	Red Zone Scoring Percentage (TD only)	Extra Point Attempts per Game	Extra Points Made per Game	Two Point Conversion Attempts per Game	Two Point Conversions per Game	Points per Field Goal Attempt	Extra Point Conversion Percentage	Two Point Conversion Percentage	Offensive Touchdowns per Game	Defensive Touchdowns per Game	Special Teams Touchdowns per Game	Offensive Points per Game (Estimated)	Defensive Points per Game (Estimated)	Special Teams Points per Game (Estimated)	Offensive Point Share Percentage (Estimated)	1st Quarter Points/Game	2nd Quarter Points/Game	3rd Quarter Points/Game	4th Quarter Points/Game	Overtime Points/Game	1st Half Points/Game	2nd Half Points/Game	1st Quarter Time of Possession Share %	2nd Quarter Time of Possession Share %	3rd Quarter Time of Possession Share %	4th Quarter Time of Possession Share %	1st Half Time of Possession Share %	2nd Half Time of Possession Share %	Yards per Game	Plays per Game	Yards per Play	First Downs per Game	Third Downs per Game	Third Down Conversions per Game	Fourth Downs per Game	Fourth Down Conversions per Game	Average Time of Possession (Excluding OT)	Time of Possession Percentage (Net of OT)	First Downs per Play	Third Down Conversion Percentage	Fourth Down Conversion Percentage	Punts per Play	Punts per Offensive Score	Rushing Attempts per Game	Rushing Yards per Game	Rushing First Downs per Game	Rushing Touchdowns per Game	Yards per Rush Attempt	Rushing Play Percentage 	Rushing Touchdown Percentage	Rushing First Down Percentage	Rushing Yards Percentage	Pass Attempts per Game	Completions per Game	Incompletions per Game	Completion Percentage	Passing Yards per Game	Yards per Pass Attempt	Yards per Completion	Passing Touchdowns per Game	Passing Touchdown Percentage	QB Sacked per Game	QB Sacked Percentage	Passing First Downs per Game	Passing First Down Percentage	Average Team Passer Rating	Passing Play Percentage	Passing Yards Percentage	Non-Offensive Touchdowns per Game	Field Goal Attempts per Game	Field Goals Made per Game	Field Goals Got Blocked per Game	Punt Attempts per Game	Punts Got Blocked per Game	Gross Punt Yards per Game	Net Punt Yards per Game	Kickoffs per Game	Touchbacks per Game	Kickoff Touchback Percentage	Field Goal Conversion Percentage	Field Goal Got Blocked Percentage	Field Goal Conversion Percentage (Excluding Blocks) 	Punt Blocked Percentage	Net Yards per Punt Attempt	Gross Yards per Successful Punt	Net Yards per Successful Punt	Opponent Points per Game	Opp Yards per Point	Opponent Points per Play	Opponent Touchdowns per Game	Opponent Red Zone Scoring Attempts per Game	Opponent Red Zone Scores per Game (TDs only)	Opponent Red Zone Scoring Percentage (TD only)	Opponent Extra Point Attempts per Game	Opponent Extra Points Made per Game	Opponent Two Point Conversion Attempts per Game	Opponent Two Point Conversions per Game	Opponent Points per Field Goal Attempt	Opponent Extra Point Conversion Percentage	Opponent Two Point Conversion Percentage	Opponent Offensive Touchdowns per Game	Opponent Defensive Touchdowns per Game	Opponent Special Teams Touchdowns per Game	Opponent Offensive Points per Game (Estimated)	Opponent Defensive Points per Game (Estimated)	Opponent Special Teams Points per Game (Estimated)	Opponent Offensive Point Share Percentage (Estimated)	Opp 1st Quarter Points/Game	Opp 2nd Quarter Points/Game	Opp 3rd Quarter Points/Game	Opp 4th Quarter Points/Game	Opp Overtime Points/Game	Opponent 1st Half Points/Game	Opponent 2nd Half Points/Game	Opponent Yards per Game	Opponent Plays per Game	Opponent Yards per Play	Opponent First Downs per Game	Opponent Third Downs per Game	Opponent Third Down Conversions per Game	Opponent Fourth Downs per Game	Opponent Fourth Down Conversions per Game	Opponent Average Time of Possession (Net of OT)	Opponent Time of Possession Percentage (Net of OT)	Opponent First Downs per Play	Opponent Third Down Conversion Percentage	Opponent Fourth Down Conversion Percentage	Opponent Punts per Play	Opponent Punts per Offensive Score	Opponent Rushing Attempts per Game	Opponent Rushing Yards per Game	Opponent Rushing First Downs per Game	Opponent Rushing Touchdowns per Game	Opponent Yards per Rush Attempt	Opponent Rushing Play Percentage 	Opponent Rushing Touchdown Percentage	Opponent Rushing First Down Percentage	Opponent Rushing Yards Percentage	Opponent Pass Attempts per Game	Opponent Completions per Game	Opponent Incompletions per Game	Opponent Completion Percentage	Opponent Passing Yards per Game	Opponent Yards per Pass Attempt	Opponent Yards per Completion	Opponent Passing First Downs per Game	Opponent Passing Touchdowns per Game	Opponent Passing Touchdown Percentage	Opponent Average Team Passer Rating	Sack Percentage	Opponent Passing Play Percentage	Opponent Passing Yards Percentage	Sacks per Game	Opponent Passing First Down Percentage	Opponent Non-Offensive Touchdowns per Game	Opponent Field Goal Attempts per Game	Opponent Field Goals Made per Game	Field Goals Blocked per Game	Opponent Punt Attempts per Game	Punts Blocked per Game	Opponent Gross Punt Yards per Game	Opponent Net Punt Yards per Game	Opponent Kickoffs per Game	Opponent Touchbacks per Game	Opponent Kickoff Touchback Percentage	Opponent Field Goal Conversion Percentage	Block Field Goal Percentage	Opponent Field Goal Conversion Percentage (Net of Blocks) 	Block Punt Percentage	Opponent Net Yards per Punt Attempt	Opponent Gross Yards per Successful Punt	Opponent Net Yards per Successful Punt	Interceptions Thrown per Game	Fumbles per Game	Fumbles Lost per Game	Fumbles Not Lost per Game	Safeties per Game	Giveaways per Game	Turnover Margin per Game	Opponent Interceptions Thrown per Game	Opponent Fumbles per Game	Opponent Fumbles Lost per Game	Opponent Fumbles Not Lost per Game	Opponent Safeties per Game	Takeaways per Game	Interceptions Thrown Percentage	Fumble Recovery Percentage	Giveaway Fumble Recovery Percentage	Takeaway Fumble Recovery Percentage	Opponent Interceptions Thrown Percentage	Opponent Fumble Recovery Percentage	Opponent Giveaway Fumble Recovery Percentage	Opponent Takeaway Fumble Recovery Percentage	Penalties per Game	Penalty Yards per Game	Penalty First Downs per Game	Opponent Penalties per Game	Opponent Penalty Yards per Game	Opponent Penalty First Downs per Game	Penalty Yards per Penalty	Penalties per Play	Opponent Penalty Yards per Penalty	Opponent Penalties per Play
Baltimore	34.1	+14.5	12.6	4.4	0.508	0.178	4.1	4.0	2.6	65.00%	3.7	3.6	0.4	0.1	2.9	97.30%	25.00%	3.6	0.5	0.0	30.9	3.5	0.0	89.8%	8.5	9.3	7.1	8.9	0.3	17.8	16.0	58.04%	46.48%	57.19%	66.42%	52.26%	62.11%	428.6	67.1	6.4	24.3	11.6	5.7	1.4	1.0	34:13	57.03%	0.362	49.14%	71.43%	0.03	0.3	35.8	203.8	11.0	1.6	5.7	53.35%	39.02%	45.27%	47.55%	29.3	19.7	9.6	67.24%	224.8	7.7	11.4	2.0	48.78%	2.0	6.39%	11.8	48.56%	105.7	46.65%	52.45%	0.5	2.0	1.9	0.0	2.1	0.0	97.2	87.8	6.9	4.1	59.42%	95.00%	0.00%	95.00%	0.00%	41.8	46.3	41.8	19.6	17.0	0.331	2.0	3.1	1.5	48.39%	1.8	1.7	0.2	0.1	2.7	94.44%	50.00%	1.9	0.0	0.1	19.0	0.0	0.7	96.4%	2.4	8.4	3.8	5.0	0.0	10.8	8.8	332.9	59.3	5.6	19.1	11.8	4.8	1.1	0.4	25:46	42.97%	0.322	40.68%	36.36%	0.06	0.9	21.3	94.3	5.1	1.0	4.4	35.92%	50.00%	26.70%	28.33%	35.7	21.3	14.4	59.66%	238.6	6.7	11.2	11.7	0.9	45.00%	79.5	6.05%	64.08%	71.67%	2.3	61.26%	0.1	2.1	1.9	0.0	3.7	0.0	173.2	156.7	4.9	2.7	55.10%	90.48%	0.00%	90.48%	0.00%	42.4	46.8	42.4	0.6	1.1	0.4	0.7	0.0	1.0	+0.6	0.9	1.4	0.7	0.7	0.0	1.6	2.05%	56.00%	63.64%	50.00%	2.52%	44.00%	50.00%	36.36%	7.0	55.9	1.5	5.7	43.3	2.3	8.0	0.06	7.6	0.05
Kansas City	28.4	+4.5	14.2	1.2	0.463	0.101	3.1	3.2	1.5	46.88%	3.1	2.9	0.0	0.0	2.6	93.55%	--	2.9	0.2	0.0	27.2	1.4	0.0	95.1%	6.4	11.0	5.4	5.6	0.0	17.4	11.0	50.29%	53.94%	43.58%	44.72%	52.12%	44.15%	404.7	61.4	6.6	22.2	11.5	5.2	0.8	0.5	28:52	48.13%	0.362	45.22%	62.50%	0.05	0.6	21.3	90.8	5.3	0.7	4.3	34.69%	22.58%	23.87%	22.44%	38.3	25.2	13.1	65.80%	313.9	8.2	12.5	2.2	70.97%	1.8	4.49%	14.2	63.96%	110.7	65.31%	77.56%	0.2	2.7	2.3	0.1	3.1	0.0	139.7	129.7	6.3	4.6	73.02%	85.19%	3.70%	88.46%	0.00%	41.8	45.1	41.8	23.9	15.5	0.362	2.9	4.0	2.3	57.50%	2.2	1.9	0.7	0.2	2.6	86.36%	28.57%	2.8	0.1	0.0	23.8	0.7	0.0	97.1%	7.0	5.1	3.3	8.5	0.0	12.1	11.8	369.5	66.1	5.6	22.7	12.5	4.7	1.5	1.0	31:07	51.87%	0.343	37.60%	66.67%	0.06	0.9	28.8	148.1	7.7	1.2	5.1	43.57%	41.38%	33.92%	40.08%	34.3	21.7	12.6	63.27%	221.4	6.5	10.2	12.5	1.6	55.17%	92.9	8.04%	56.43%	59.92%	3.0	55.07%	0.1	1.6	1.4	0.0	3.9	0.0	171.0	153.9	5.3	2.2	41.51%	87.50%	0.00%	87.50%	0.00%	39.5	43.8	39.5	0.1	1.7	0.9	0.8	0.0	1.0	+0.2	0.6	1.2	0.6	0.6	0.0	1.2	0.26%	48.28%	47.06%	50.00%	1.75%	51.72%	50.00%	52.94%	7.0	63.6	2.7	6.8	49.8	2.5	9.1	0.05	7.3	0.05
San Francisco	29.5	+14.0	13.1	3.2	0.430	0.156	3.5	4.0	2.0	50.00%	3.0	3.0	0.1	0.1	2.0	100.00%	100.00%	3.1	0.4	0.0	26.8	2.8	0.0	90.5%	6.9	6.0	8.6	8.0	0.0	12.9	16.6	49.70%	51.00%	62.09%	61.61%	50.35%	60.78%	386.6	68.6	5.6	22.3	13.7	6.5	0.8	0.4	33:39	56.10%	0.325	47.45%	50.00%	0.05	0.6	34.9	149.0	7.1	1.3	4.3	50.87%	37.14%	31.84%	38.54%	31.8	21.9	9.9	68.87%	237.6	7.5	10.8	1.8	51.43%	1.9	5.64%	13.0	58.30%	97.9	49.13%	61.46%	0.4	2.5	1.7	0.1	3.2	0.0	143.0	134.7	6.1	2.7	44.26%	68.00%	4.00%	70.83%	0.00%	42.1	44.7	42.1	15.5	16.3	0.274	1.7	2.2	0.9	40.91%	1.5	1.4	0.5	0.3	2.5	93.33%	60.00%	1.5	0.2	0.0	13.8	1.6	0.0	89.6%	3.9	2.7	4.8	3.8	0.3	6.6	8.6	253.0	56.6	4.5	14.6	11.6	3.5	1.3	0.2	26:20	43.90%	0.258	30.17%	15.38%	0.09	1.9	23.4	110.5	6.2	0.5	4.7	41.34%	29.41%	42.47%	43.68%	29.3	17.5	11.8	59.73%	142.5	4.9	8.1	7.2	1.0	58.82%	72.3	11.75%	58.66%	56.32%	3.9	49.32%	0.2	1.3	1.1	0.0	5.2	0.0	251.6	217.5	3.7	2.4	64.86%	84.62%	0.00%	84.62%	0.00%	41.8	48.4	41.8	1.0	1.0	0.7	0.3	0.0	1.7	+0.5	1.1	2.0	1.1	0.9	0.1	2.2	3.14%	46.67%	30.00%	55.00%	3.75%	53.33%	45.00%	70.00%	6.2	59.0	2.2	8.0	66.4	1.2	9.5	0.05	8.3	0.06
Tampa Bay	27.7	-3.6	13.7	-1.9	0.403	-0.072	3.1	3.6	2.2	61.11%	2.7	2.5	0.4	0.3	2.6	92.59%	75.00%	2.9	0.2	0.0	26.3	1.4	0.0	94.9%	5.3	9.7	5.1	7.6	0.0	15.0	12.7	52.98%	49.98%	54.49%	49.91%	51.48%	51.58%	380.4	68.7	5.5	22.9	13.3	5.2	1.0	0.5	31:06	51.84%	0.333	39.10%	50.00%	0.06	0.8	24.5	94.8	5.1	1.0	3.9	35.66%	32.26%	22.27%	24.92%	40.6	24.2	16.4	59.61%	285.6	7.0	11.8	1.9	61.29%	3.6	8.14%	15.3	66.81%	80.5	64.34%	75.08%	0.2	2.3	2.0	0.0	3.9	0.0	169.5	153.6	6.2	5.4	87.10%	86.96%	0.00%	86.96%	0.00%	39.4	43.5	39.4	31.3	11.9	0.476	3.5	3.9	2.3	58.97%	3.0	2.9	0.4	0.3	2.4	96.67%	75.00%	3.1	0.4	0.0	28.3	3.0	0.0	90.4%	5.9	8.0	7.7	9.1	0.6	13.9	16.8	371.8	65.8	5.7	22.0	12.5	4.4	1.3	0.6	28:53	48.16%	0.334	35.20%	46.15%	0.06	0.6	23.0	80.9	4.2	0.6	3.5	34.95%	17.14%	19.09%	21.76%	40.6	26.5	14.1	65.27%	290.9	7.2	11.0	15.3	2.5	71.43%	102.4	5.14%	65.05%	78.24%	2.2	69.55%	0.4	2.7	2.2	0.0	3.7	0.0	179.0	165.5	6.5	4.9	75.38%	81.48%	0.00%	81.48%	0.00%	44.7	48.4	44.7	1.8	1.6	0.7	0.9	0.0	2.5	-1.0	0.6	1.6	0.9	0.7	0.1	1.5	4.43%	56.25%	56.25%	56.25%	1.48%	43.75%	43.75%	43.75%	8.4	70.0	2.5	7.4	65.7	2.5	8.3	0.06	8.9	0.06
New Orleans	23.8	+3.9	15.3	0.7	0.372	0.042	2.5	3.7	1.9	51.35%	2.4	2.3	0.1	0.0	2.5	95.83%	0.00%	2.2	0.2	0.1	21.7	1.6	0.7	90.4%	3.8	6.5	6.5	7.0	0.0	10.3	13.5	57.72%	50.63%	54.42%	56.98%	54.18%	55.70%	364.0	63.9	5.7	20.7	12.9	5.7	0.8	0.3	32:57	54.94%	0.324	44.19%	37.50%	0.06	0.8	25.1	107.5	6.1	0.5	4.3	39.28%	20.00%	29.47%	29.53%	36.9	26.4	10.5	71.54%	256.5	7.0	9.7	1.7	68.00%	1.9	4.90%	13.6	65.70%	102.1	60.72%	70.47%	0.3	2.5	2.1	0.0	3.9	0.0	176.9	164.7	5.3	4.2	79.25%	84.00%	0.00%	84.00%	0.00%	42.2	45.4	42.2	19.9	16.0	0.330	2.2	2.9	1.6	55.17%	2.0	2.0	0.1	0.1	3.0	100.00%	100.00%	2.1	0.0	0.1	19.2	0.0	0.7	96.5%	3.3	4.6	5.1	6.9	0.0	7.9	12.0	318.3	60.3	5.3	18.4	12.8	4.3	1.4	0.5	27:02	45.06%	0.305	33.59%	35.71%	0.07	1.2	20.5	85.3	4.3	0.7	4.2	34.00%	31.82%	23.37%	26.80%	37.1	22.5	14.6	60.65%	233.0	6.3	10.4	11.7	1.4	63.64%	84.4	6.78%	66.00%	73.20%	2.7	63.59%	0.1	1.5	1.5	0.0	4.4	0.1	193.1	164.7	4.7	2.8	59.57%	100.00%	0.00%	100.00%	2.27%	37.4	44.9	38.3	0.5	0.6	0.1	0.5	0.1	0.6	+0.8	0.8	0.9	0.6	0.3	0.0	1.4	1.36%	73.33%	83.33%	66.67%	2.16%	26.67%	33.33%	16.67%	7.4	57.6	1.0	5.7	44.4	2.4	7.8	0.06	7.8	0.05
Dallas	28.6	+8.9	15.5	0.8	0.431	0.114	3.4	3.6	2.1	58.33%	3.2	3.2	0.2	0.1	2.2	100.00%	50.00%	3.3	0.1	0.0	27.9	0.7	0.0	97.6%	4.0	9.2	6.8	8.6	0.0	13.2	15.4	46.89%	52.57%	45.87%	50.51%	49.73%	48.19%	444.6	66.3	6.7	24.6	12.1	6.3	0.5	0.1	29:22	48.96%	0.371	52.07%	20.00%	0.04	0.6	28.5	131.9	7.5	1.2	4.6	42.99%	35.29%	30.49%	29.67%	36.6	24.7	11.9	67.49%	312.7	8.5	12.7	2.1	61.76%	1.2	3.17%	14.9	60.57%	103.9	57.01%	70.33%	0.1	2.2	1.6	0.0	2.9	0.0	122.0	108.0	5.7	3.3	57.89%	72.73%	0.00%	72.73%	0.00%	37.2	42.1	37.2	19.7	16.4	0.317	2.1	3.7	1.8	48.65%	1.9	1.8	0.2	0.1	2.8	94.74%	50.00%	2.1	0.0	0.0	19.8	0.0	0.0	100.0%	6.2	5.5	4.8	3.2	0.0	11.7	8.0	322.1	62.1	5.2	20.5	12.3	4.0	1.3	0.7	30:37	51.04%	0.330	32.52%	53.85%	0.07	1.1	24.8	105.2	6.7	1.0	4.2	39.94%	47.62%	32.68%	32.66%	34.7	22.7	12.0	65.42%	216.9	6.3	9.6	11.2	1.1	52.38%	90.8	6.97%	60.06%	67.34%	2.6	54.63%	0.0	1.8	1.7	0.0	4.3	0.0	196.8	187.3	4.6	3.6	78.26%	94.44%	0.00%	94.44%	0.00%	43.6	45.8	43.6	0.9	0.7	0.4	0.3	0.0	1.3	-0.1	0.4	1.2	0.8	0.4	0.0	1.2	2.46%	57.89%	42.86%	66.67%	1.15%	42.11%	33.33%	57.14%	7.5	72.3	2.2	7.4	64.7	2.6	9.6	0.06	8.7	0.06
New England	28.7	+17.9	12.5	10.6	0.410	0.225	3.4	4.3	2.1	48.84%	3.3	2.8	0.1	0.1	2.4	84.85%	100.00%	2.8	0.4	0.2	24.7	3.0	1.4	84.9%	8.7	7.5	7.1	5.4	0.0	16.2	12.5	52.44%	57.94%	54.48%	51.93%	55.19%	53.21%	359.9	70.0	5.1	21.5	14.7	5.7	0.6	0.3	32:31	54.20%	0.307	38.78%	50.00%	0.08	1.1	27.5	91.0	6.1	1.3	3.3	39.29%	38.24%	28.37%	25.28%	40.8	26.0	14.8	63.73%	268.9	6.6	10.3	1.5	44.12%	1.7	4.00%	13.7	63.72%	90.0	60.71%	74.72%	0.6	2.1	1.7	0.1	5.6	0.0	252.2	238.4	6.1	4.2	68.85%	80.95%	4.76%	85.00%	0.00%	42.6	45.0	42.6	10.8	23.1	0.185	1.3	1.3	0.6	46.15%	1.3	1.2	0.0	0.0	2.6	92.31%	--	0.9	0.4	0.0	8.1	2.8	0.0	74.3%	2.0	3.8	2.7	2.3	0.0	5.8	5.0	249.9	58.3	4.3	15.0	11.9	2.3	1.5	0.5	27:28	45.80%	0.257	19.33%	33.33%	0.11	3.3	21.0	97.3	4.3	0.5	4.6	36.02%	38.46%	28.67%	38.94%	33.6	18.0	15.6	53.57%	152.6	4.5	8.5	8.1	0.4	30.77%	49.2	9.92%	63.98%	61.06%	3.7	54.00%	0.4	0.7	0.6	0.0	6.3	0.2	276.0	249.8	3.0	1.5	50.00%	85.71%	0.00%	85.71%	3.17%	39.7	45.2	41.0	0.6	0.7	0.4	0.3	0.1	1.0	+1.8	1.9	1.9	0.9	1.0	0.0	2.8	1.47%	46.15%	42.86%	47.37%	5.65%	53.85%	52.63%	57.14%	6.2	57.3	1.7	6.6	54.9	2.6	9.2	0.05	8.3	0.05
Tennessee	20.3	+0.6	15.7	2.5	0.341	0.041	2.6	2.5	1.8	72.00%	2.4	2.2	0.2	0.1	1.4	91.67%	50.00%	2.4	0.2	0.0	18.9	1.6	0.0	92.2%	3.4	4.9	4.4	7.6	0.0	8.3	12.0	43.04%	43.84%	51.11%	55.70%	43.44%	53.41%	319.4	59.5	5.4	18.9	12.0	3.9	1.0	0.2	29:03	48.43%	0.318	32.50%	20.00%	0.09	1.6	25.7	113.2	5.5	0.9	4.4	43.19%	34.62%	29.10%	35.44%	29.6	19.2	10.4	64.86%	206.2	7.0	10.7	1.5	57.69%	4.2	12.43%	10.7	56.61%	97.7	56.81%	64.56%	0.2	1.5	0.7	0.1	5.4	0.0	256.1	233.7	4.3	2.4	55.81%	46.67%	6.67%	50.00%	0.00%	43.3	47.4	43.3	19.7	18.2	0.300	2.2	2.9	1.8	62.07%	2.0	1.5	0.2	0.1	2.5	75.00%	50.00%	2.2	0.0	0.0	20.2	0.0	0.0	100.0%	5.3	5.5	4.4	4.5	0.0	10.8	8.9	358.5	65.7	5.5	20.2	13.0	4.6	1.7	0.7	30:56	51.58%	0.307	35.38%	41.18%	0.07	1.1	25.7	102.5	5.1	0.5	4.0	39.12%	22.73%	25.25%	28.59%	37.3	23.6	13.7	63.27%	256.0	6.9	10.8	13.4	1.7	77.27%	90.5	6.75%	60.88%	71.41%	2.7	66.34%	0.0	1.9	1.6	0.1	4.3	0.0	196.6	181.2	4.9	3.3	67.35%	84.21%	5.26%	88.89%	0.00%	42.1	45.7	42.1	0.6	1.6	0.4	1.2	0.1	1.0	+0.5	0.9	1.1	0.6	0.5	0.0	1.5	2.03%	66.67%	75.00%	54.55%	2.41%	33.33%	45.45%	25.00%	7.1	70.1	2.7	8.4	72.9	1.7	9.9	0.06	8.7	0.07
Seattle	27.5	+2.1	14.1	0.5	0.416	0.016	3.4	4.0	2.7	67.50%	2.9	2.7	0.4	0.2	2.2	93.10%	50.00%	3.2	0.2	0.0	26.6	1.4	0.0	95.0%	4.0	9.7	5.0	7.9	0.9	13.7	12.9	43.71%	59.87%	49.84%	50.56%	51.79%	51.45%	389.1	66.1	5.9	22.6	12.1	4.9	0.6	0.3	30:35	50.99%	0.342	40.50%	50.00%	0.07	0.9	30.7	133.2	7.3	0.9	4.3	46.44%	26.47%	32.30%	34.23%	32.7	22.4	10.3	68.50%	255.9	7.8	11.4	2.3	67.65%	2.7	7.63%	13.1	57.96%	114.9	53.56%	65.77%	0.2	1.9	1.4	0.0	4.5	0.0	208.4	183.3	5.5	4.1	74.55%	73.68%	0.00%	73.68%	0.00%	40.7	46.3	40.7	25.4	14.7	0.400	2.9	3.5	1.9	54.29%	2.2	2.0	0.6	0.2	2.1	90.91%	33.33%	2.4	0.4	0.1	22.2	2.8	0.7	86.4%	5.7	7.0	4.4	8.3	0.0	12.7	12.7	372.9	63.5	5.9	21.3	11.6	4.1	0.9	0.6	29:24	49.01%	0.335	35.34%	66.67%	0.06	0.8	22.3	101.1	5.0	1.2	4.5	35.12%	41.38%	23.47%	27.11%	39.2	24.8	14.4	63.27%	271.8	6.9	11.0	14.2	1.2	41.38%	86.8	4.85%	64.88%	72.89%	2.0	66.67%	0.5	2.6	1.8	0.0	3.6	0.1	164.1	153.1	5.9	4.2	71.19%	69.23%	0.00%	69.23%	2.78%	42.5	46.9	43.7	0.2	1.7	1.1	0.6	0.0	1.3	+0.6	0.8	1.5	1.1	0.4	0.0	1.9	0.61%	53.12%	35.29%	73.33%	2.04%	46.88%	26.67%	64.71%	7.1	57.4	2.2	7.3	61.4	2.1	8.1	0.05	8.4	0.06
LA Rams	24.3	+4.5	15.1	1.3	0.376	0.082	2.7	3.5	2.1	60.00%	2.5	2.5	0.2	0.0	2.3	100.00%	0.00%	2.4	0.3	0.0	22.2	2.3	0.0	90.6%	3.2	7.4	7.1	6.6	0.0	10.6	13.7	39.21%	51.53%	49.64%	49.79%	45.37%	49.72%	366.5	64.7	5.7	20.3	12.8	4.6	0.8	0.1	28:31	47.54%	0.314	35.94%	12.50%	0.06	0.9	25.6	97.6	6.1	1.3	3.8	39.57%	48.15%	30.05%	26.63%	37.5	22.6	14.9	60.27%	268.9	7.2	11.9	1.1	40.74%	1.6	4.09%	12.7	62.56%	81.0	60.43%	73.37%	0.3	2.3	1.8	0.0	4.1	0.1	191.0	171.3	5.5	4.0	72.73%	78.26%	0.00%	78.26%	2.44%	41.8	47.8	42.8	19.8	16.4	0.294	2.2	3.1	1.8	58.06%	2.1	2.1	0.1	0.0	2.1	100.00%	0.00%	2.0	0.2	0.0	18.5	1.4	0.0	93.0%	3.1	5.7	4.7	6.3	0.0	8.8	11.0	324.6	67.4	4.8	19.8	14.3	5.4	1.4	0.7	31:28	52.46%	0.294	37.76%	50.00%	0.07	1.4	26.9	89.1	4.8	0.7	3.3	39.91%	31.82%	24.24%	27.45%	37.6	23.3	14.3	61.97%	235.5	6.3	10.1	13.0	1.3	59.09%	85.5	7.16%	60.09%	72.55%	2.9	65.66%	0.2	2.1	1.5	0.0	5.0	0.0	216.8	198.6	4.6	3.4	73.91%	71.43%	0.00%	71.43%	0.00%	39.7	43.4	39.7	1.1	1.4	0.7	0.7	0.1	1.8	-0.3	0.7	1.4	0.8	0.6	0.0	1.5	2.93%	53.57%	50.00%	57.14%	1.86%	46.43%	42.86%	50.00%	7.7	57.9	1.5	7.2	58.7	2.0	7.5	0.06	8.2	0.05
Minnesota	26.3	+7.6	14.4	3.8	0.421	0.128	3.2	3.5	2.4	66.67%	2.9	2.7	0.3	0.1	2.6	93.75%	33.33%	3.2	0.0	0.0	26.4	0.2	0.0	99.3%	5.9	8.2	6.2	6.0	0.0	14.1	12.2	49.66%	45.13%	53.68%	51.66%	47.39%	52.67%	378.6	62.4	6.1	21.5	12.0	5.3	1.0	0.7	30:01	50.03%	0.344	43.94%	72.73%	0.06	0.8	31.3	142.5	7.5	1.3	4.6	50.15%	40.00%	35.17%	37.62%	29.1	20.5	8.5	70.62%	236.2	8.1	11.5	1.9	60.00%	2.0	6.43%	11.2	52.12%	114.8	49.85%	62.38%	0.0	1.5	1.4	0.0	3.7	0.0	170.7	160.5	5.5	4.2	76.67%	88.24%	0.00%	88.24%	0.00%	43.1	45.8	43.1	18.6	18.2	0.293	2.0	2.7	1.3	46.67%	1.7	1.7	0.3	0.0	2.6	100.00%	0.00%	2.0	0.0	0.0	18.9	0.0	0.0	100.0%	4.7	6.7	4.1	3.1	0.0	11.5	7.2	338.6	63.5	5.3	19.9	12.9	4.8	2.1	1.1	29:58	49.97%	0.313	37.32%	52.17%	0.06	1.1	23.1	94.2	3.5	0.3	4.1	36.34%	13.64%	17.81%	27.81%	37.6	24.5	13.2	64.98%	244.5	6.5	10.0	14.1	1.7	86.36%	90.9	6.97%	63.66%	72.19%	2.8	70.78%	0.0	1.9	1.6	0.0	3.8	0.1	174.5	160.2	4.5	3.5	76.00%	85.71%	0.00%	85.71%	2.38%	42.0	46.8	43.0	0.3	2.1	0.8	1.3	0.1	1.1	+0.4	0.9	0.9	0.5	0.4	0.0	1.5	0.94%	60.61%	60.87%	60.00%	2.42%	39.39%	40.00%	39.13%	6.7	63.5	2.7	6.2	50.3	2.3	9.4	0.05	8.1	0.05
Houston	24.5	+1.3	15.5	0.6	0.380	0.007	3.0	3.5	2.3	65.71%	2.9	2.4	0.1	0.1	2.2	82.76%	100.00%	2.9	0.1	0.0	24.2	0.7	0.0	97.2%	2.3	7.4	6.5	8.3	0.0	9.7	14.8	53.31%	50.92%	50.16%	50.53%	52.12%	50.34%	380.2	64.4	5.9	23.0	12.1	5.4	1.4	0.8	30:44	51.23%	0.357	44.63%	57.14%	0.05	0.8	27.9	140.7	7.3	1.1	5.0	43.32%	36.67%	31.74%	37.01%	33.3	23.0	10.3	69.07%	239.5	7.2	10.4	1.8	60.00%	3.2	8.77%	13.4	58.26%	101.4	56.68%	62.99%	0.1	1.8	1.3	0.0	3.3	0.0	149.5	141.2	5.3	2.9	54.72%	72.22%	0.00%	72.22%	0.00%	42.8	45.3	42.8	23.2	16.1	0.373	2.6	2.9	1.9	65.52%	2.4	2.4	0.2	0.1	2.5	100.00%	50.00%	2.6	0.0	0.0	23.0	0.2	0.0	99.1%	4.8	6.4	5.5	6.5	0.0	11.2	12.0	374.4	62.2	6.0	20.8	12.5	5.7	1.0	0.5	29:15	48.77%	0.334	45.60%	50.00%	0.06	0.9	21.9	102.0	5.0	0.4	4.7	35.21%	15.38%	24.04%	27.24%	38.1	25.2	12.9	66.14%	272.4	7.1	10.8	14.0	2.2	84.62%	102.6	5.46%	64.79%	72.76%	2.2	67.31%	0.0	1.9	1.6	0.0	3.6	0.0	171.6	157.2	5.1	3.7	72.55%	84.21%	0.00%	84.21%	0.00%	43.7	47.7	43.7	0.7	1.4	0.6	0.8	0.0	1.3	+0.1	0.5	1.5	0.9	0.6	0.1	1.4	2.10%	58.62%	57.14%	60.00%	1.31%	41.38%	40.00%	42.86%	7.6	64.5	2.3	7.6	60.8	1.8	8.5	0.06	8.0	0.06
Atlanta	22.0	-4.2	17.0	-2.9	0.342	-0.068	2.5	3.4	1.9	55.88%	1.9	1.8	0.6	0.2	2.2	94.74%	33.33%	2.4	0.0	0.1	21.6	0.0	0.7	96.9%	4.0	4.3	4.4	9.3	0.0	8.3	13.7	54.63%	42.43%	55.63%	45.46%	48.53%	50.54%	374.8	64.3	5.8	23.6	11.9	5.1	1.1	0.8	29:43	49.54%	0.367	42.86%	72.73%	0.05	0.7	20.8	74.5	4.9	0.4	3.6	32.35%	16.00%	20.76%	19.88%	41.0	28.9	12.1	70.49%	300.3	7.3	10.4	2.0	80.00%	2.5	5.75%	15.9	67.37%	99.3	67.65%	80.12%	0.1	2.2	1.6	0.0	3.0	0.1	124.2	112.6	5.1	2.7	52.94%	72.73%	0.00%	72.73%	3.33%	37.5	42.8	38.8	26.2	14.1	0.410	3.0	3.7	2.2	59.46%	2.8	2.6	0.2	0.1	2.8	92.86%	50.00%	2.8	0.2	0.0	25.0	1.4	0.0	94.7%	5.7	9.3	5.4	5.8	0.0	15.0	11.2	369.3	63.9	5.8	21.8	12.6	5.8	1.4	0.7	30:16	50.46%	0.341	46.03%	50.00%	0.05	0.7	27.5	107.6	7.1	0.9	3.9	43.04%	30.00%	32.57%	29.14%	34.6	23.8	10.8	68.79%	261.7	7.6	11.0	12.4	1.9	63.33%	103.7	4.95%	56.96%	70.86%	1.8	56.88%	0.2	1.9	1.8	0.0	3.4	0.0	159.8	139.8	5.6	3.9	69.64%	94.74%	0.00%	94.74%	0.00%	41.1	47.0	41.1	1.0	1.3	0.6	0.7	0.0	1.6	-0.8	0.6	1.1	0.2	0.9	0.0	0.8	2.44%	37.50%	53.85%	18.18%	1.73%	62.50%	81.82%	46.15%	7.7	60.5	2.8	7.8	66.4	2.3	7.9	0.06	8.5	0.06
Green Bay	25.0	+4.5	14.2	4.5	0.408	0.087	3.0	3.5	2.4	68.57%	2.9	2.9	0.1	0.1	2.8	100.00%	100.00%	3.0	0.0	0.0	24.9	0.0	0.0	100.0%	7.0	7.1	6.1	4.8	0.0	14.1	10.9	45.12%	55.38%	51.41%	55.32%	50.25%	53.37%	356.0	61.2	5.8	20.5	11.3	4.2	0.3	0.0	31:05	51.81%	0.335	37.17%	0.00%	0.08	1.1	24.3	102.1	5.5	1.3	4.2	39.71%	43.33%	26.83%	28.68%	34.7	22.5	12.2	64.84%	253.9	7.3	11.3	1.7	56.67%	2.2	5.96%	12.1	59.02%	102.7	60.29%	71.32%	0.0	1.4	1.3	0.0	4.7	0.0	215.7	196.9	5.2	3.1	59.62%	92.86%	0.00%	92.86%	0.00%	41.9	45.9	41.9	20.5	18.8	0.321	2.3	3.3	1.6	48.48%	2.1	1.9	0.2	0.0	2.3	90.48%	0.00%	2.3	0.0	0.0	20.9	0.0	0.0	100.0%	2.9	7.4	5.1	5.1	0.0	10.3	10.2	384.7	63.8	6.0	21.2	11.6	4.7	0.8	0.4	28:54	48.19%	0.332	40.52%	50.00%	0.06	0.9	26.6	126.9	6.7	1.1	4.8	41.69%	47.83%	31.60%	32.99%	34.7	21.8	12.9	62.82%	257.8	7.4	11.8	13.3	1.2	52.17%	88.3	6.72%	58.31%	67.01%	2.5	62.74%	0.0	2.1	1.6	0.0	3.7	0.0	162.6	159.4	4.8	2.5	52.08%	76.19%	0.00%	76.19%	0.00%	43.1	43.9	43.1	0.2	0.6	0.5	0.1	0.0	0.7	+0.9	0.9	1.3	0.7	0.6	0.0	1.6	0.58%	42.11%	16.67%	53.85%	2.59%	57.89%	46.15%	83.33%	6.8	48.9	2.9	7.0	71.9	1.2	7.2	0.05	10.3	0.06
Philadelphia	23.4	+0.4	14.4	-0.4	0.352	-0.025	2.8	3.2	2.0	62.50%	2.3	2.1	0.5	0.3	3.0	91.30%	60.00%	2.6	0.2	0.0	22.1	1.4	0.0	94.0%	4.0	7.5	6.9	5.0	0.0	11.5	11.9	49.27%	57.67%	51.34%	56.10%	53.47%	53.72%	337.8	66.5	5.1	20.6	13.7	6.3	1.8	0.6	32:09	53.59%	0.310	45.99%	33.33%	0.06	1.0	29.1	122.7	6.5	1.0	4.2	43.76%	35.71%	31.55%	36.32%	34.9	21.3	13.6	61.03%	215.1	6.2	10.1	1.6	57.14%	2.5	6.68%	11.7	56.80%	89.7	56.24%	63.68%	0.2	1.3	1.3	0.0	4.2	0.0	200.7	181.1	5.0	3.5	70.00%	100.00%	0.00%	100.00%	0.00%	43.1	47.8	43.1	23.0	14.1	0.377	2.7	3.1	1.8	58.06%	2.5	2.4	0.2	0.1	2.3	96.00%	50.00%	2.6	0.0	0.1	22.4	0.0	0.7	97.0%	5.1	8.6	4.2	5.1	0.0	13.7	9.3	323.5	61.0	5.3	18.4	12.7	4.6	0.9	0.5	27:50	46.41%	0.302	36.22%	55.56%	0.08	1.2	22.8	86.0	4.8	0.9	3.8	37.38%	33.33%	26.09%	26.58%	35.7	22.0	13.7	61.62%	237.5	6.7	10.8	11.7	1.7	62.96%	89.6	6.54%	62.62%	73.42%	2.5	63.59%	0.1	1.8	1.4	0.1	5.1	0.0	236.6	215.0	4.9	2.6	53.06%	77.78%	5.56%	82.35%	0.00%	42.2	46.4	42.2	0.5	1.8	1.0	0.8	0.0	1.5	-0.2	0.8	1.0	0.5	0.5	0.0	1.3	1.43%	46.43%	44.44%	50.00%	2.24%	53.57%	50.00%	55.56%	6.6	56.1	2.4	7.8	62.8	1.9	8.5	0.05	8.1	0.06
Indianapolis	22.7	+2.1	15.1	0.7	0.346	-0.000	2.6	3.8	2.4	63.16%	2.4	1.8	0.2	0.1	2.2	75.00%	50.00%	2.6	0.0	0.0	22.7	0.4	0.0	98.3%	4.8	5.7	5.5	6.7	0.0	10.5	12.2	42.33%	58.53%	55.61%	52.90%	50.43%	53.37%	343.8	65.6	5.2	22.5	12.9	5.5	1.5	1.0	31:24	52.34%	0.343	42.64%	66.67%	0.05	0.9	31.0	141.1	8.1	0.7	4.6	47.26%	26.92%	36.00%	41.04%	32.6	20.3	12.3	62.27%	202.7	6.2	10.0	1.9	73.08%	2.0	5.78%	11.3	50.22%	90.9	52.74%	58.96%	0.0	2.0	1.5	0.0	3.5	0.0	156.0	145.8	5.2	3.7	71.15%	75.00%	0.00%	75.00%	0.00%	41.7	44.6	41.7	20.6	15.8	0.346	2.2	2.9	1.5	51.72%	2.0	2.0	0.0	0.0	2.7	100.00%	--	2.0	0.2	0.0	19.4	1.4	0.0	93.3%	3.7	6.6	4.8	4.9	0.6	10.3	9.7	325.6	59.5	5.5	19.4	12.2	4.8	1.1	0.4	28:35	47.66%	0.326	39.34%	36.36%	0.07	1.0	22.3	96.8	5.6	0.6	4.3	37.48%	27.27%	28.87%	29.73%	34.7	23.9	10.8	68.88%	228.8	6.6	9.6	11.9	1.4	63.64%	93.8	6.72%	62.52%	70.27%	2.5	61.34%	0.2	2.0	1.8	0.0	3.9	0.0	175.3	157.6	5.0	2.7	54.00%	90.00%	0.00%	90.00%	0.00%	40.4	44.9	40.4	0.8	1.4	0.7	0.7	0.2	1.5	-0.3	0.7	1.0	0.5	0.5	0.0	1.2	2.45%	50.00%	50.00%	50.00%	2.02%	50.00%	50.00%	50.00%	5.6	48.1	3.1	8.3	75.1	1.9	8.6	0.04	9.0	0.07
Arizona	22.5	-6.3	15.3	-0.8	0.358	-0.067	2.2	3.5	1.3	36.84%	1.9	1.8	0.4	0.3	2.7	95.24%	75.00%	2.2	0.0	0.0	22.4	0.0	0.0	100.0%	5.1	5.3	4.5	7.4	0.3	10.4	11.9	49.45%	49.75%	37.35%	43.36%	49.60%	40.80%	343.9	62.9	5.5	19.5	12.7	4.6	1.0	0.7	26:59	44.98%	0.311	36.43%	72.73%	0.07	1.0	23.7	117.7	6.5	0.9	5.0	37.72%	41.67%	33.02%	34.23%	35.9	23.2	12.7	64.56%	226.2	6.3	9.8	1.3	58.33%	3.3	8.35%	11.3	57.67%	91.2	62.28%	65.77%	0.0	2.6	2.4	0.0	4.5	0.1	211.5	189.5	5.4	2.8	52.54%	89.66%	0.00%	89.66%	2.04%	42.5	48.5	43.4	28.8	14.4	0.426	3.5	3.9	2.4	60.47%	3.3	3.2	0.0	0.0	2.7	97.22%	--	3.2	0.2	0.1	27.2	1.3	0.6	93.4%	3.7	10.5	4.6	9.7	0.3	14.2	14.4	415.2	67.7	6.1	24.1	13.1	6.1	0.8	0.2	33:00	55.02%	0.356	46.53%	22.22%	0.05	0.7	27.1	117.6	6.0	0.5	4.3	40.00%	15.79%	24.91%	28.33%	38.0	27.0	11.0	71.05%	297.5	7.8	11.0	15.7	2.6	76.32%	113.0	6.49%	60.00%	71.67%	2.6	65.28%	0.3	1.8	1.6	0.0	3.5	0.0	155.5	146.7	5.9	3.9	66.15%	90.00%	0.00%	90.00%	0.00%	41.4	43.8	41.4	0.5	0.5	0.3	0.2	0.0	0.7	+0.4	0.5	1.5	0.5	1.0	0.0	1.1	1.27%	36.36%	40.00%	35.29%	1.44%	63.64%	64.71%	60.00%	8.5	66.4	1.8	7.2	67.2	2.4	7.8	0.07	9.4	0.05
Detroit	24.4	-2.8	15.6	-0.4	0.377	-0.024	2.8	2.8	1.7	60.71%	2.6	2.5	0.2	0.0	2.5	96.15%	0.00%	2.6	0.1	0.1	23.3	0.7	0.7	94.3%	7.8	6.3	3.6	6.4	0.3	14.1	10.0	53.96%	47.34%	55.12%	41.82%	50.65%	48.35%	379.9	64.8	5.9	20.9	13.5	5.6	0.8	0.3	29:44	49.56%	0.323	41.48%	37.50%	0.07	1.0	26.2	98.7	5.1	0.4	3.8	40.43%	14.29%	24.40%	25.98%	36.3	22.9	13.4	63.09%	281.2	7.7	12.3	2.2	78.57%	2.3	5.96%	13.7	65.55%	102.1	59.57%	74.02%	0.2	2.0	1.7	0.1	4.3	0.0	186.9	175.7	5.6	1.5	26.79%	85.00%	5.00%	89.47%	0.00%	40.9	43.5	40.9	27.2	15.2	0.401	3.3	4.0	2.5	62.50%	3.0	2.8	0.3	0.2	2.2	93.33%	66.67%	3.2	0.1	0.0	26.6	0.7	0.0	97.4%	3.4	9.4	4.9	9.2	0.3	12.8	14.1	412.8	67.9	6.1	23.5	13.0	6.0	0.8	0.3	30:15	50.44%	0.346	46.15%	37.50%	0.06	0.8	27.7	124.2	6.0	1.0	4.5	40.80%	30.30%	25.53%	30.09%	38.2	23.4	14.8	61.26%	288.6	7.6	12.3	14.5	2.2	66.67%	102.0	4.98%	59.20%	69.91%	2.0	61.70%	0.1	1.9	1.4	0.0	3.9	0.0	181.2	168.8	5.5	3.4	61.82%	73.68%	0.00%	73.68%	0.00%	43.3	46.5	43.3	0.6	0.8	0.6	0.2	0.0	1.2	+0.1	0.3	1.9	1.0	0.9	0.0	1.3	1.65%	44.44%	25.00%	52.63%	0.79%	55.56%	47.37%	75.00%	8.1	63.1	2.1	6.7	53.6	3.0	7.8	0.06	8.0	0.05
NY Giants	20.3	-8.6	15.9	-2.7	0.320	-0.131	2.6	2.7	1.4	51.85%	2.2	1.9	0.4	0.2	2.4	86.36%	50.00%	2.3	0.2	0.1	18.5	1.4	0.7	89.8%	2.7	8.7	5.1	3.8	0.0	11.4	8.9	38.10%	47.04%	61.72%	44.97%	42.57%	53.34%	322.2	63.4	5.1	19.5	13.3	5.3	1.9	0.7	28:46	47.96%	0.308	39.85%	36.84%	0.06	1.2	21.4	94.2	5.2	0.6	4.4	33.75%	23.08%	26.67%	29.24%	38.6	24.3	14.3	62.95%	228.0	5.9	9.4	1.7	65.38%	3.4	8.10%	11.9	61.03%	85.8	66.25%	70.76%	0.3	1.0	0.8	0.0	4.1	0.1	185.8	171.2	4.4	3.1	70.45%	80.00%	0.00%	80.00%	2.44%	41.8	46.5	42.8	28.9	13.2	0.452	3.4	3.2	1.6	50.00%	3.4	3.2	0.0	0.0	2.3	94.12%	--	2.9	0.4	0.1	25.4	3.0	0.7	87.3%	8.1	9.2	4.8	6.8	0.0	17.3	11.6	381.7	64.0	6.0	20.5	12.5	5.1	0.6	0.4	31:13	52.04%	0.320	40.80%	66.67%	0.06	0.8	30.3	122.7	6.1	1.2	4.0	47.34%	35.29%	29.76%	32.15%	31.3	21.5	9.8	68.69%	259.0	8.3	12.0	12.5	1.7	50.00%	103.5	7.12%	52.66%	67.85%	2.4	60.98%	0.5	2.2	1.7	0.0	3.9	0.1	173.2	153.0	5.9	3.1	52.54%	77.27%	0.00%	77.27%	2.56%	39.2	45.6	40.3	1.0	2.3	1.4	0.9	0.0	2.4	-1.2	0.8	0.8	0.4	0.4	0.1	1.2	2.59%	41.94%	39.13%	50.00%	2.56%	58.06%	50.00%	60.87%	6.1	55.1	2.4	8.0	65.0	1.9	9.0	0.05	8.1	0.06
Carolina	22.8	-2.9	15.2	-1.1	0.348	-0.039	2.5	3.0	1.7	56.67%	2.3	2.1	0.3	0.1	2.2	91.30%	33.33%	2.4	0.1	0.0	21.9	1.1	0.0	95.2%	4.0	6.4	6.1	6.3	0.0	10.4	12.4	54.90%	43.04%	47.60%	46.44%	48.97%	47.02%	346.6	65.5	5.3	19.7	12.7	3.9	1.5	0.7	28:47	48.00%	0.301	30.71%	46.67%	0.07	1.1	24.7	126.0	4.8	1.4	5.1	37.71%	56.00%	24.37%	36.35%	37.4	22.5	14.9	60.16%	220.6	5.9	9.8	1.0	40.00%	3.4	8.33%	13.5	68.53%	77.8	62.29%	63.65%	0.1	2.3	1.7	0.1	4.6	0.0	211.4	182.9	5.0	4.5	90.00%	73.91%	4.35%	77.27%	0.00%	39.8	46.0	39.8	25.7	14.1	0.387	3.0	3.5	2.3	65.71%	2.5	2.5	0.4	0.2	2.1	100.00%	50.00%	2.9	0.0	0.1	25.1	0.0	0.7	97.3%	4.8	7.3	8.1	5.5	0.0	12.1	13.6	362.0	66.4	5.5	21.9	12.8	5.3	0.5	0.4	31:12	52.00%	0.330	41.41%	80.00%	0.06	0.9	26.4	128.4	7.3	1.8	4.9	39.76%	60.00%	33.33%	35.47%	36.1	23.0	13.1	63.71%	233.6	6.5	10.2	12.7	1.1	36.67%	81.0	9.75%	60.24%	64.53%	3.9	57.99%	0.1	2.3	1.6	0.0	4.3	0.1	189.6	177.7	5.8	3.1	53.45%	69.57%	0.00%	69.57%	2.33%	41.3	45.1	42.3	1.0	1.5	0.9	0.6	0.2	1.9	0.0	1.2	1.3	0.7	0.6	0.0	1.9	2.67%	46.43%	40.00%	53.85%	3.32%	53.57%	46.15%	60.00%	5.9	52.7	1.4	7.7	61.0	1.9	8.9	0.04	7.9	0.06
LA Chargers	20.7	+1.3	17.2	-0.8	0.337	-0.000	2.2	3.6	1.8	50.00%	2.1	2.1	0.0	0.0	2.2	100.00%	--	2.1	0.0	0.1	20.1	0.0	0.7	96.6%	4.0	6.1	3.3	6.7	0.6	10.1	10.0	55.86%	51.36%	46.31%	49.58%	53.61%	48.80%	356.2	61.4	5.8	21.9	11.9	5.3	0.9	0.4	30:27	50.78%	0.357	44.54%	44.44%	0.05	0.7	22.8	86.1	5.1	0.7	3.8	37.13%	31.82%	23.29%	24.17%	36.5	24.1	12.4	66.03%	270.1	7.4	11.2	1.4	63.64%	2.1	5.44%	14.3	65.30%	90.7	62.87%	75.83%	0.1	2.4	1.8	0.1	2.9	0.0	138.3	121.6	4.7	2.0	42.55%	75.00%	4.17%	78.26%	0.00%	41.9	47.7	41.9	19.4	16.4	0.337	2.3	2.5	1.4	56.00%	2.1	1.6	0.2	0.2	1.6	76.19%	100.00%	2.1	0.2	0.0	18.3	1.4	0.0	92.9%	5.4	4.9	4.0	5.1	0.0	10.3	9.1	318.3	57.5	5.5	18.6	11.4	5.0	0.8	0.5	29:32	49.23%	0.323	43.86%	62.50%	0.06	1.0	26.5	110.5	6.3	0.7	4.2	46.09%	30.43%	33.87%	34.72%	28.6	20.5	8.1	71.68%	207.8	7.3	10.1	10.6	1.4	60.87%	100.5	7.74%	53.91%	65.28%	2.4	56.99%	0.2	2.2	1.2	0.0	3.5	0.0	150.1	138.5	4.5	2.6	57.78%	54.55%	0.00%	54.55%	0.00%	39.6	42.9	39.6	1.0	1.0	0.6	0.4	0.0	1.6	-0.6	0.7	1.3	0.3	1.0	0.0	1.0	2.74%	30.43%	40.00%	23.08%	2.45%	69.57%	76.92%	60.00%	6.6	56.2	2.5	7.2	60.4	1.7	8.5	0.06	8.4	0.06
Cleveland	19.2	-3.6	17.9	-2.8	0.311	-0.054	2.1	3.3	1.7	51.52%	1.9	1.6	0.2	0.1	2.7	84.21%	50.00%	2.1	0.0	0.0	19.5	0.0	0.0	100.0%	4.6	5.7	4.1	4.8	0.0	10.3	8.9	55.20%	48.63%	48.49%	47.57%	51.92%	48.03%	342.9	61.8	5.5	18.2	12.5	4.0	1.3	0.4	29:59	49.97%	0.294	32.00%	30.77%	0.08	1.3	24.8	121.9	5.2	1.0	4.9	40.13%	47.62%	28.57%	35.55%	34.4	20.3	14.1	59.01%	221.0	6.4	10.9	1.1	52.38%	2.6	7.03%	11.1	60.99%	76.6	59.87%	64.45%	0.0	1.8	1.6	0.0	4.7	0.1	213.9	190.8	4.7	2.2	46.81%	88.89%	0.00%	88.89%	2.13%	40.6	46.5	41.5	22.8	15.1	0.364	2.7	3.0	1.8	60.00%	2.5	2.4	0.2	0.1	1.7	96.00%	50.00%	2.5	0.2	0.0	21.1	1.8	0.0	92.1%	5.0	5.5	5.7	6.6	0.0	10.5	12.3	344.0	62.6	5.5	19.9	12.6	4.1	1.2	0.4	30:01	50.03%	0.318	32.54%	33.33%	0.07	1.1	26.6	127.2	6.1	0.8	4.8	42.49%	29.63%	30.65%	36.98%	33.0	20.5	12.5	62.12%	216.8	6.6	10.6	11.0	1.7	62.96%	91.0	8.33%	57.51%	63.02%	3.0	55.28%	0.2	2.1	1.2	0.2	4.4	0.0	199.5	185.2	4.9	2.6	53.06%	57.14%	9.52%	63.16%	0.00%	42.1	45.3	42.1	1.2	0.9	0.5	0.4	0.0	1.7	-0.4	0.8	0.9	0.5	0.4	0.2	1.3	3.49%	50.00%	44.44%	55.56%	2.42%	50.00%	44.44%	55.56%	8.7	82.2	1.9	6.6	47.4	2.8	9.4	0.07	7.2	0.05
Buffalo	21.1	+4.1	16.4	1.5	0.332	0.057	2.5	2.8	1.9	67.86%	2.3	2.2	0.2	0.2	2.1	95.65%	100.00%	2.4	0.0	0.1	20.1	0.2	0.7	95.7%	3.7	7.1	2.5	7.8	0.0	10.8	10.3	55.24%	52.41%	45.94%	47.79%	53.83%	46.87%	345.6	63.6	5.4	20.6	12.6	4.6	1.2	0.4	30:12	50.35%	0.324	36.51%	33.33%	0.08	1.3	28.0	128.7	7.3	1.1	4.6	44.03%	44.00%	35.44%	37.24%	33.3	20.0	13.3	60.06%	216.9	6.5	10.8	1.3	52.00%	2.3	6.46%	11.1	53.88%	83.9	55.97%	62.76%	0.1	1.6	1.1	0.0	4.8	0.1	202.9	179.9	4.7	2.7	57.45%	68.75%	0.00%	68.75%	2.08%	37.5	43.2	38.3	17.0	17.9	0.275	2.1	2.7	1.6	59.26%	1.8	1.4	0.3	0.2	1.7	77.78%	66.67%	1.8	0.1	0.2	15.0	0.9	1.4	86.7%	3.5	4.5	4.6	4.4	0.0	8.0	9.0	304.1	61.9	4.9	18.0	13.6	4.7	1.5	0.6	29:47	49.65%	0.291	34.56%	40.00%	0.09	1.9	24.3	106.3	5.7	1.1	4.4	39.26%	52.38%	31.67%	34.96%	34.7	21.8	12.9	62.82%	197.8	5.7	9.1	10.6	0.7	33.33%	80.0	7.71%	60.74%	65.04%	2.9	58.89%	0.3	1.4	0.8	0.1	5.5	0.0	248.4	227.7	4.0	2.4	60.00%	57.14%	7.14%	61.54%	0.00%	41.4	45.2	41.4	0.8	1.5	0.4	1.1	0.1	1.2	0.0	0.6	1.5	0.6	0.9	0.1	1.2	2.40%	56.67%	73.33%	40.00%	1.73%	43.33%	60.00%	26.67%	7.3	57.9	2.2	6.2	50.7	1.7	7.9	0.06	8.2	0.05
Oakland	22.5	-2.5	16.5	-1.8	0.368	-0.036	2.8	3.7	2.2	59.46%	2.8	2.7	0.0	0.0	2.3	96.43%	--	2.6	0.2	0.0	21.2	1.4	0.0	93.8%	5.8	8.3	2.0	6.4	0.0	14.1	8.4	54.76%	50.74%	46.27%	51.42%	52.75%	48.84%	371.7	61.1	6.1	20.0	12.6	6.0	1.1	0.8	30:28	50.80%	0.327	47.62%	72.73%	0.07	1.1	28.3	128.2	6.9	1.0	4.5	46.32%	35.71%	34.50%	34.49%	31.3	22.6	8.7	72.20%	243.5	7.8	10.8	1.6	57.14%	1.5	4.57%	12.2	61.00%	106.3	53.68%	65.51%	0.2	1.3	1.0	0.0	4.1	0.0	191.8	159.9	4.8	2.7	56.25%	76.92%	0.00%	76.92%	0.00%	39.0	46.8	39.0	25.0	14.7	0.404	3.1	3.2	2.1	65.62%	3.1	3.1	0.0	0.0	2.4	100.00%	--	3.1	0.0	0.0	25.0	0.0	0.0	100.0%	4.2	8.3	6.0	6.5	0.0	12.5	12.5	368.1	61.9	5.9	22.1	12.1	5.2	1.0	0.7	29:31	49.20%	0.357	42.98%	70.00%	0.06	0.9	24.9	105.9	5.8	0.7	4.3	40.23%	22.58%	26.24%	28.77%	34.5	22.0	12.5	63.77%	262.2	7.6	11.9	12.8	2.4	77.42%	102.8	6.76%	59.77%	71.23%	2.5	57.92%	0.0	1.4	1.1	0.0	3.6	0.0	164.9	149.6	5.2	3.5	67.31%	78.57%	0.00%	78.57%	0.00%	41.6	45.8	41.6	0.5	1.2	0.5	0.7	0.0	1.0	+0.2	0.8	0.9	0.4	0.5	0.0	1.2	1.60%	52.38%	58.33%	44.44%	2.32%	47.62%	55.56%	41.67%	8.8	77.9	0.9	6.4	54.2	3.5	8.9	0.07	8.5	0.05
Miami	13.9	-16.6	18.9	-6.0	0.229	-0.243	1.6	2.3	1.4	60.87%	1.4	1.4	0.2	0.0	2.1	100.00%	0.00%	1.5	0.0	0.1	13.2	0.2	0.7	93.6%	2.7	7.5	0.3	3.4	0.0	10.2	3.7	49.86%	46.38%	38.33%	50.94%	48.12%	44.64%	263.0	60.6	4.3	16.8	12.7	4.2	2.0	0.9	27:49	46.38%	0.277	33.07%	45.00%	0.08	1.9	20.2	60.3	3.5	0.6	3.0	33.33%	37.50%	20.83%	22.93%	36.2	21.8	14.4	60.22%	202.7	5.6	9.3	0.9	56.25%	4.2	10.40%	11.1	66.07%	71.5	66.67%	77.07%	0.1	1.3	0.9	0.0	4.8	0.0	219.6	200.7	3.6	2.6	72.22%	69.23%	0.00%	69.23%	0.00%	41.8	45.8	41.8	30.5	12.9	0.473	3.5	3.7	2.1	56.76%	3.4	3.1	0.1	0.1	2.4	91.18%	100.00%	3.2	0.2	0.1	28.4	1.6	0.7	92.5%	6.7	7.6	7.0	9.2	0.0	14.3	16.2	394.3	64.5	6.1	21.9	12.0	5.2	0.9	0.5	32:10	53.62%	0.340	43.33%	55.56%	0.05	0.6	31.7	148.3	7.8	0.9	4.7	49.15%	25.71%	35.62%	37.61%	31.5	20.2	11.3	64.13%	246.0	7.8	12.2	12.4	2.3	65.71%	105.6	3.96%	50.85%	62.39%	1.3	56.62%	0.3	2.5	2.0	0.0	3.3	0.0	148.1	134.4	6.6	4.0	60.61%	80.00%	0.00%	80.00%	0.00%	40.7	44.9	40.7	1.3	1.7	0.7	1.0	0.1	2.0	-1.3	0.6	0.8	0.1	0.7	0.1	0.7	3.59%	44.00%	58.82%	12.50%	1.90%	56.00%	87.50%	41.18%	5.5	44.4	2.2	6.9	67.2	1.7	8.1	0.04	9.7	0.06
Jacksonville	18.9	-3.3	19.6	-3.6	0.296	-0.061	1.8	2.9	1.0	34.48%	1.4	1.3	0.3	0.1	2.9	92.86%	33.33%	1.7	0.1	0.0	18.5	0.7	0.0	96.4%	5.1	4.0	3.3	6.5	0.0	9.1	9.8	45.78%	55.42%	51.10%	52.48%	50.60%	51.79%	370.2	63.8	5.8	18.9	13.3	4.6	1.1	0.4	30:43	51.19%	0.296	34.59%	36.36%	0.08	1.2	25.2	119.5	5.3	0.1	4.7	39.50%	5.56%	28.04%	32.28%	36.2	22.6	13.6	62.43%	250.7	6.9	11.1	1.6	88.89%	2.4	6.22%	12.1	64.02%	93.7	60.50%	67.72%	0.1	2.3	2.2	0.0	4.8	0.0	218.5	210.1	4.9	2.7	55.10%	95.65%	0.00%	95.65%	0.00%	43.8	45.5	43.8	22.2	15.9	0.357	2.6	3.3	1.9	57.58%	2.5	2.3	0.1	0.1	2.4	92.00%	100.00%	2.5	0.1	0.0	21.4	0.7	0.0	96.8%	6.1	4.2	4.4	7.5	0.0	10.3	11.9	353.9	62.1	5.7	20.1	12.1	4.7	0.8	0.4	29:17	48.81%	0.324	38.84%	50.00%	0.08	1.3	25.5	134.6	6.3	1.1	5.3	41.06%	42.31%	31.34%	38.03%	33.3	20.7	12.6	62.16%	219.3	6.6	10.6	11.7	1.4	53.85%	88.0	9.02%	58.94%	61.97%	3.3	58.21%	0.1	1.6	1.3	0.1	5.0	0.0	229.1	214.1	4.8	3.9	81.25%	81.25%	6.25%	86.67%	0.00%	42.8	45.8	42.8	0.5	1.5	0.8	0.7	0.0	1.3	-0.1	0.8	1.3	0.4	0.9	0.0	1.2	1.38%	39.29%	46.67%	30.77%	2.40%	60.71%	69.23%	53.33%	7.8	68.9	1.5	6.3	56.9	2.1	8.8	0.06	9.0	0.05
Pittsburgh	20.0	-0.2	14.2	2.1	0.341	0.038	2.1	2.4	1.0	41.67%	2.0	2.0	0.1	0.0	2.7	100.00%	0.00%	1.8	0.3	0.0	18.0	2.1	0.0	89.6%	3.7	6.0	5.8	4.5	0.0	9.7	10.3	47.66%	50.87%	47.26%	45.22%	49.26%	45.81%	283.5	58.6	4.8	17.0	11.9	4.1	1.1	0.2	28:39	47.75%	0.290	34.45%	18.18%	0.08	1.1	22.8	80.7	4.3	0.5	3.5	38.91%	23.81%	25.29%	28.47%	34.3	21.5	12.8	62.68%	202.8	5.9	9.4	1.3	61.90%	1.5	4.19%	9.7	57.06%	79.5	61.09%	71.53%	0.3	2.0	1.8	0.0	4.4	0.0	204.4	182.5	5.0	2.2	44.00%	90.00%	0.00%	90.00%	0.00%	41.5	46.5	41.5	20.2	16.3	0.303	2.3	3.1	1.7	54.84%	2.2	2.1	0.1	0.0	2.1	95.45%	0.00%	2.2	0.1	0.0	19.3	1.1	0.0	94.6%	5.1	5.0	4.3	5.5	0.3	10.1	9.8	328.3	66.7	4.9	20.7	12.9	4.9	1.2	0.5	31:21	52.25%	0.310	37.98%	41.67%	0.06	1.2	28.1	105.2	6.4	0.5	3.7	42.13%	21.74%	30.92%	32.04%	35.2	22.4	12.8	63.64%	223.1	6.3	10.0	12.2	1.7	73.91%	83.7	8.81%	57.87%	67.96%	3.4	58.94%	0.1	1.9	1.3	0.0	4.2	0.0	193.9	169.9	4.5	3.0	66.67%	68.42%	0.00%	68.42%	0.00%	40.5	46.2	40.5	1.1	1.7	0.6	1.1	0.0	1.7	+0.9	1.4	2.1	1.2	0.9	0.2	2.6	3.21%	60.53%	64.71%	57.14%	3.98%	39.47%	42.86%	35.29%	7.1	62.0	3.0	7.9	79.5	2.1	8.7	0.06	10.1	0.06
Denver	17.2	-2.5	18.6	-2.8	0.278	-0.044	1.7	2.7	1.2	44.44%	1.5	1.4	0.2	0.1	2.5	93.33%	50.00%	1.7	0.0	0.0	17.3	0.0	0.0	100.0%	5.0	5.2	3.6	3.4	0.0	10.2	7.0	52.76%	46.36%	47.87%	50.16%	49.56%	49.01%	319.7	61.9	5.2	17.9	13.0	3.7	1.2	0.9	29:34	49.28%	0.289	28.46%	75.00%	0.08	1.4	26.5	113.1	5.3	0.8	4.3	42.81%	47.06%	29.61%	35.38%	32.2	20.1	12.1	62.42%	206.6	6.4	10.3	0.9	52.94%	3.2	9.04%	10.3	57.54%	85.3	57.19%	64.62%	0.0	2.2	1.8	0.0	5.0	0.0	218.3	191.6	4.5	3.3	73.33%	81.82%	0.00%	81.82%	0.00%	38.3	43.7	38.3	19.7	15.8	0.321	1.9	2.9	1.2	41.38%	1.8	1.7	0.1	0.0	2.6	94.44%	0.00%	1.7	0.1	0.1	18.5	0.7	0.7	93.0%	2.7	5.1	5.8	6.1	0.0	7.8	11.9	310.8	61.3	5.1	18.2	12.9	4.5	1.0	0.5	30:25	50.72%	0.297	34.88%	50.00%	0.08	1.2	26.0	100.5	5.5	0.7	3.9	42.41%	36.84%	30.22%	32.34%	32.9	21.7	11.2	65.96%	210.3	6.4	9.7	10.3	1.0	52.63%	89.1	6.80%	57.59%	67.66%	2.4	56.59%	0.2	2.5	2.2	0.1	5.1	0.0	245.6	222.4	4.9	3.9	79.59%	88.00%	4.00%	91.67%	0.00%	43.6	48.2	43.6	0.6	1.4	0.5	0.9	0.0	1.1	-0.2	0.5	1.0	0.4	0.6	0.0	0.9	1.86%	54.17%	64.29%	40.00%	1.52%	45.83%	60.00%	35.71%	7.1	58.4	2.3	7.1	60.5	2.4	8.2	0.06	8.5	0.06
Chicago	16.9	-0.5	15.5	3.0	0.279	0.012	1.9	2.4	1.5	62.50%	1.8	1.7	0.1	0.1	2.1	94.44%	100.00%	1.7	0.1	0.1	15.5	0.7	0.7	91.7%	2.4	4.9	6.8	2.8	0.0	7.3	9.6	50.64%	49.94%	46.12%	46.22%	50.29%	46.17%	262.7	60.5	4.3	16.9	13.1	4.0	1.2	0.6	28:56	48.23%	0.279	30.53%	50.00%	0.10	1.9	22.9	79.9	4.4	0.5	3.5	37.85%	26.32%	26.04%	30.41%	34.6	22.1	12.5	63.87%	182.8	5.3	8.3	1.2	63.16%	3.0	7.98%	10.0	59.17%	83.9	62.15%	69.59%	0.2	1.7	1.2	0.0	5.9	0.1	262.5	243.4	3.9	2.2	56.41%	70.59%	0.00%	70.59%	1.69%	41.3	45.3	42.0	17.4	18.6	0.267	1.9	3.4	1.8	52.94%	1.5	1.4	0.4	0.1	2.3	93.33%	25.00%	1.9	0.0	0.0	17.5	0.2	0.0	98.9%	1.8	5.9	3.0	6.7	0.0	7.7	9.7	322.9	65.1	5.0	20.0	13.1	4.6	1.2	0.8	31:03	51.77%	0.307	35.11%	66.67%	0.08	1.5	26.5	95.6	5.5	1.0	3.6	40.71%	52.63%	27.50%	29.61%	36.1	24.1	12.0	66.76%	227.3	6.3	9.4	12.3	0.9	47.37%	86.2	6.48%	59.29%	70.39%	2.5	61.50%	0.0	1.8	1.4	0.0	5.0	0.0	233.6	200.1	4.2	1.8	42.86%	77.78%	0.00%	77.78%	0.00%	40.0	46.7	40.0	0.6	0.5	0.4	0.1	0.0	1.0	+0.4	0.7	1.3	0.7	0.6	0.1	1.4	1.73%	44.44%	20.00%	53.85%	1.94%	55.56%	46.15%	80.00%	6.9	56.0	2.5	7.6	61.0	2.2	8.1	0.05	8.0	0.06
Cincinnati	14.7	-12.9	21.0	-5.6	0.227	-0.203	1.5	2.8	1.0	35.71%	1.5	1.5	0.0	0.0	2.5	100.00%	--	1.4	0.0	0.1	14.0	0.0	0.7	95.2%	3.0	5.0	1.6	5.1	0.0	8.0	6.7	44.01%	43.11%	50.71%	49.73%	43.56%	50.22%	309.1	64.7	4.8	19.0	13.9	5.3	1.9	0.8	28:08	46.89%	0.294	38.13%	42.11%	0.07	1.6	21.2	80.6	4.8	0.4	3.8	32.77%	26.67%	25.26%	26.08%	39.9	23.3	16.6	58.40%	228.5	5.7	9.8	1.0	66.67%	3.6	8.28%	11.8	62.11%	75.1	67.23%	73.92%	0.1	1.7	1.4	0.0	4.5	0.0	197.5	187.2	3.9	2.9	74.36%	82.35%	0.00%	82.35%	0.00%	41.6	43.9	41.6	27.6	15.4	0.431	3.1	3.6	1.7	47.22%	2.9	2.9	0.2	0.2	2.6	100.00%	100.00%	2.8	0.3	0.0	25.3	2.1	0.0	92.3%	6.0	9.7	5.8	6.1	0.0	15.7	11.9	425.1	64.1	6.6	21.7	12.1	5.4	0.6	0.4	31:51	53.11%	0.339	44.63%	66.67%	0.06	0.8	33.6	167.0	9.0	1.3	5.0	52.42%	41.94%	41.47%	39.28%	29.2	19.8	9.4	67.81%	258.1	8.8	13.0	11.6	1.5	48.39%	108.0	4.26%	47.58%	60.72%	1.3	53.46%	0.3	2.2	1.9	0.0	3.9	0.0	168.2	149.4	5.8	3.4	58.62%	86.36%	0.00%	86.36%	0.00%	38.3	43.1	38.3	1.0	1.5	1.0	0.5	0.0	2.0	-1.1	0.4	0.8	0.5	0.3	0.0	0.9	2.51%	43.48%	33.33%	62.50%	1.37%	56.52%	37.50%	66.67%	5.8	44.6	2.4	8.2	66.5	1.1	7.7	0.05	8.1	0.06
NY Jets	16.4	-9.1	15.1	-2.1	0.285	-0.098	2.0	1.8	1.1	61.11%	1.7	1.5	0.3	0.2	1.8	88.24%	66.67%	1.6	0.4	0.0	13.3	3.2	0.0	80.6%	4.7	3.6	3.0	5.1	0.0	8.3	8.1	54.37%	44.96%	45.49%	44.66%	49.66%	45.07%	248.2	57.6	4.3	15.0	12.6	3.2	1.3	0.6	28:25	47.37%	0.260	25.40%	46.15%	0.10	2.2	22.1	72.1	3.4	0.5	3.3	38.37%	25.00%	22.67%	29.05%	31.4	19.8	11.6	63.06%	176.1	5.6	8.9	1.1	55.00%	4.1	11.55%	9.3	62.00%	75.8	61.63%	70.95%	0.4	1.2	0.7	0.0	5.9	0.0	273.4	248.4	3.9	1.9	48.72%	58.33%	0.00%	58.33%	0.00%	42.1	46.3	42.1	25.5	13.0	0.383	3.0	3.1	2.0	64.52%	2.5	2.2	0.5	0.2	2.5	88.00%	40.00%	2.8	0.2	0.0	24.1	1.8	0.0	93.1%	6.3	8.0	4.8	6.4	0.0	14.3	11.2	332.4	66.6	5.0	19.6	14.7	6.5	0.9	0.2	31:34	52.63%	0.294	44.22%	22.22%	0.08	1.1	26.5	79.1	4.5	1.0	3.0	39.79%	33.33%	22.96%	23.80%	37.6	24.0	13.6	63.83%	253.3	6.7	10.6	12.2	1.8	60.00%	94.5	6.23%	60.21%	76.20%	2.5	62.24%	0.2	1.8	1.5	0.0	5.1	0.0	226.1	205.6	5.5	3.3	60.00%	83.33%	0.00%	83.33%	0.00%	40.3	44.3	40.3	1.3	1.2	0.6	0.6	0.2	1.9	-0.6	0.6	1.6	0.7	0.9	0.2	1.3	4.14%	46.43%	50.00%	43.75%	1.60%	53.57%	56.25%	50.00%	8.3	73.7	2.3	8.1	69.5	2.9	8.9	0.07	8.6	0.07
Washington	12.5	-12.8	20.5	-5.9	0.235	-0.148	1.3	2.0	0.7	35.00%	0.9	0.9	0.4	0.1	2.2	100.00%	25.00%	1.3	0.0	0.0	12.7	0.0	0.0	100.0%	1.7	4.5	2.9	3.4	0.0	6.2	6.3	49.20%	45.30%	44.67%	38.03%	47.25%	41.35%	255.7	53.2	4.8	14.0	10.7	2.8	1.1	0.6	26:34	44.30%	0.263	26.17%	54.55%	0.09	2.0	20.6	85.9	3.5	0.2	4.2	38.72%	15.38%	25.00%	33.59%	29.4	19.0	10.4	64.63%	169.8	5.8	8.9	1.1	84.62%	3.2	9.82%	9.4	67.14%	82.1	61.28%	66.41%	0.0	1.6	1.2	0.0	5.0	0.0	244.6	220.1	3.3	2.3	69.70%	75.00%	0.00%	75.00%	0.00%	44.0	48.9	44.0	25.3	14.6	0.383	3.0	3.7	2.1	56.76%	2.8	2.6	0.2	0.1	2.5	92.86%	50.00%	2.8	0.2	0.0	24.1	1.4	0.0	94.5%	3.9	9.2	4.8	7.4	0.0	13.1	12.2	369.5	66.1	5.6	21.6	13.8	6.8	1.4	0.8	33:25	55.70%	0.327	49.28%	57.14%	0.05	0.7	32.3	133.9	7.5	0.9	4.1	48.87%	30.00%	34.72%	36.24%	31.5	22.5	9.0	71.43%	235.6	7.5	10.5	11.8	1.9	63.33%	102.8	6.80%	51.13%	63.76%	2.3	54.63%	0.2	1.8	1.5	0.0	3.3	0.0	153.8	142.5	5.4	2.9	53.70%	83.33%	0.00%	83.33%	0.00%	43.2	46.6	43.2	1.0	1.4	0.5	0.9	0.0	1.5	-0.2	0.9	1.2	0.4	0.8	0.0	1.3	3.40%	50.00%	64.29%	33.33%	2.86%	50.00%	66.67%	35.71%	7.6	56.1	1.1	5.7	49.5	2.3	7.4	0.06	8.7	0.05
